id,realtime_start,realtime_end,title,observation_start,observation_end,frequency,frequency_short,units,units_short,seasonal_adjustment,seasonal_adjustment_short,last_updated,popularity,notes
VIXCLS,2026-05-18,2026-05-18,CBOE Volatility Index: VIX,1990-01-02,2026-05-15,"Daily, Close",D,Index,Index,Not Seasonally Adjusted,NSA,2026-05-18 08:40:18-05,88,"VIX measures market expectation of near term volatility conveyed by stock index option prices. Copyright, 2016, Chicago Board Options Exchange, Inc. Reprinted with permission."
DGS3MO,2026-05-18,2026-05-18,"Market Yield on U.S. Treasury Securities at 3-Month Constant Maturity, Quoted on an Investment Basis",1981-09-01,2026-05-15,Daily,D,Percent,%,Not Seasonally Adjusted,NSA,2026-05-18 15:17:20-05,80,"H.15 Statistical Release notes (https://www.federalreserve.gov/releases/h15/default.htm) and the Treasury Yield Curve Methodology (https://home.treasury.gov/policy-issues/financing-the-government/interest-rate-statistics/treasury-yield-curve-methodology).  For questions on the data, please contact the data source (https://www.federalreserve.gov/apps/ContactUs/feedback.aspx?refurl=/releases/h15/%). For questions on FRED functionality, please contact us here (https://fred.stlouisfed.org/contactus/).</p>"
T10Y2Y,2026-05-18,2026-05-18,10-Year Treasury Constant Maturity Minus 2-Year Treasury Constant Maturity,1976-06-01,2026-05-18,Daily,D,Percent,%,Not Seasonally Adjusted,NSA,2026-05-18 16:02:42-05,100,"Starting with the update on June 21, 2019, the Treasury bond data used in calculating interest rate spreads is obtained directly from the U.S. Treasury Department (https://www.treasury.gov/resource-center/data-chart-center/interest-rates/Pages/TextView.aspx?data=yield). Series is calculated as the spread between 10-Year Treasury Constant Maturity (BC_10YEAR) and 2-Year Treasury Constant Maturity (BC_2YEAR). Both underlying series are published at the U.S. Treasury Department (https://www.treasury.gov/resource-center/data-chart-center/interest-rates/Pages/TextView.aspx?data=yield)."
DTWEXBGS,2026-05-18,2026-05-18,Nominal Broad U.S. Dollar Index,2006-01-02,2026-05-15,Daily,D,Index Jan 2006=100,Index Jan 2006=100,Not Seasonally Adjusted,NSA,2026-05-18 15:16:52-05,84,"data source (https://www.federalreserve.gov/apps/ContactUs/feedback.aspx?refurl=/releases/h10/%). For questions on FRED functionality, please contact us here (https://fred.stlouisfed.org/contactus/).</p>"
DCOILWTICO,2026-05-13,2026-05-13,"Crude Oil Prices: West Texas Intermediate (WTI) - Cushing, Oklahoma",1986-01-02,2026-05-11,Daily,D,Dollars per Barrel,$ per Barrel,Not Seasonally Adjusted,NSA,2026-05-13 12:10:37-05,87,"Definitions, Sources and Explanatory Notes (http://www.eia.doe.gov/dnav/pet/TblDefs/pet_pri_spt_tbldef2.asp)"
BAMLH0A0HYM2,2026-05-18,2026-05-18,ICE BofA US High Yield Index Option-Adjusted Spread,2023-05-19,2026-05-15,"Daily, Close",D,Percent,%,Not Seasonally Adjusted,NSA,2026-05-18 08:59:37-05,100,"Starting in April 2026, this series will only include 3 years of observations. For more data, go to the source.  The ICE BofA Option-Adjusted Spreads (OASs) are the calculated spreads between a computed OAS index of all bonds in a given rating category and a spot Treasury curve. An OAS index is constructed using each constituent bond's OAS, weighted by market capitalization. The ICE BofA High Yield Master II OAS uses an index of bonds that are below investment grade (those rated BB or below). This data represents the ICE BofA US High Yield Index value, which tracks the performance of US dollar denominated below investment grade rated corporate debt publicly issued in the US domestic market. To qualify for inclusion in the index, securities must have a below investment grade rating (based on an average of Moody's, S&P, and Fitch) and an investment grade rated country of risk (based on an average of Moody's, S&P, and Fitch foreign currency long term sovereign debt ratings). Each security must have greater than 1 year of remaining maturity, a fixed coupon schedule, and a minimum amount outstanding of $100 million. Original issue zero coupon bonds, ""global"" securities (debt issued simultaneously in the eurobond and US domestic bond markets), 144a securities and pay-in-kind securities, including toggle notes, qualify for inclusion in the Index. Callable perpetual securities qualify provided they are at least one year from the first call date. Fixed-to-floating rate securities also qualify provided they are callable within the fixed rate period and are at least one year from the last call prior to the date the bond transitions from a fixed to a floating rate security. DRD-eligible and defaulted securities are excluded from the Index.  ICE BofA Explains the Construction Methodology of this series as: Index constituents are capitalization-weighted based on their current amount outstanding. With the exception of U.S. mortgage pass-throughs and U.S. structured products (ABS, CMBS and CMOs), accrued interest is calculated assuming next-day settlement. Accrued interest for U.S. mortgage pass-through and U.S. structured products is calculated assuming same-day settlement. Cash flows from bond payments that are received during the month are retained in the index until the end of the month and then are removed as part of the rebalancing. Cash does not earn any reinvestment income while it is held in the Index. The Index is rebalanced on the last calendar day of the month, based on information available up to and including the third business day before the last business day of the month. Issues that meet the qualifying criteria are included in the Index for the following month. Issues that no longer meet the criteria during the course of the month remain in the Index until the next month-end rebalancing at which point they are removed from the Index.  When the last calendar day of the month takes place on the weekend, weekend observations will occur as a result of month ending accrued interest adjustments.  Certain indices and index data included in FRED are the property of ICE Data Indices, LLC (“ICE DATA”) and used under license. ICE® IS A REGISTERED TRADEMARK OF ICE DATA OR ITS AFFILIATES AND BOFA® IS A REGISTERED TRADEMARK OF BANK OF AMERICA CORPORATION LICENSED BY BANK OF AMERICA CORPORATION AND ITS AFFILIATES (“BOFA”) AND MAY NOT BE USED WITHOUT BOFA’S PRIOR WRITTEN APPROVAL. ICE DATA, ITS AFFILIATES AND THEIR RESPECTIVE THIRD PARTY SUPPLIERS DISCLAIM ANY AND ALL WARRANTIES AND REPRESENTATIONS, EXPRESS AND/OR IMPLIED, INCLUDING ANY WARRANTIES OF MERCHANTABILITY OR FITNESS FOR A PARTICULAR PURPOSE OR USE, INCLUDING WITH REGARD TO THE INDICES, INDEX DATA AND ANY DATA INCLUDED IN, RELATED TO, OR DERIVED THEREFROM. NEITHER ICE DATA, NOR ITS AFFILIATES OR THEIR RESPECTIVE THIRD PARTY PROVIDERS SHALL BE SUBJECT TO ANY DAMAGES OR LIABILITY WITH RESPECT TO THE ADEQUACY, ACCURACY, TIMELINESS OR COMPLETENESS OF THE INDICES OR THE INDEX DATA OR ANY COMPONENT THEREOF. THE INDICES AND INDEX DATA AND ALL COMPONENTS THEREOF ARE PROVIDED ON AN “AS IS” BASIS AND YOUR USE IS AT YOUR OWN RISK. ICE DATA, ITS AFFILIATES AND THEIR RESPECTIVE THIRD PARTY SUPPLIERS DO NOT SPONSOR, ENDORSE, OR RECOMMEND FRED, OR ANY OF ITS PRODUCTS OR SERVICES.  Copyright, 2023, ICE Data Indices. Reproduction of this data in any form is prohibited except with the prior written permission of ICE Data Indices.  The end of day Index values, Index returns, and Index statistics (“Top Level Data”) are being provided for your internal use only and you are not authorized or permitted to publish, distribute or otherwise furnish Top Level Data to any third-party without prior written approval of ICE Data. Neither ICE Data, its affiliates nor any of its third party suppliers shall have any liability for the accuracy or completeness of the Top Level Data furnished through FRED, or for delays, interruptions or omissions therein nor for any lost profits, direct, indirect, special or consequential damages. The Top Level Data is not investment advice and a reference to a particular investment or security, a credit rating or any observation concerning a security or investment provided in the Top Level Data is not a recommendation to buy, sell or hold such investment or security or make any other investment decisions. You shall not use any Indices as a reference index for the purpose of creating financial products (including but not limited to any exchange-traded fund or other passive index-tracking fund, or any other financial instrument whose objective or return is linked in any way to any Index) without prior written approval of ICE Data. ICE Data, their affiliates or their third party suppliers have exclusive proprietary rights in the Top Level Data and any information and software received in connection therewith. You shall not use or permit anyone to use the Top Level Data for any unlawful or unauthorized purpose. Access to the Top Level Data is subject to termination in the event that any agreement between FRED and ICE Data terminates for any reason. ICE Data may enforce its rights against you as the third-party beneficiary of the FRED Services Terms of Use, even though ICE Data is not a party to the FRED Services Terms of Use. The FRED Services Terms of Use, including but limited to the limitation of liability, indemnity and disclaimer provisions, shall extend to third party suppliers."
SOFR,2026-05-18,2026-05-18,Secured Overnight Financing Rate,2018-04-03,2026-05-15,Daily,D,Percent,%,Not Seasonally Adjusted,NSA,2026-05-18 08:40:03-05,91,
EFFR,2026-05-18,2026-05-18,Effective Federal Funds Rate,2000-07-03,2026-05-15,Daily,D,Percent,%,Not Seasonally Adjusted,NSA,2026-05-18 08:40:19-05,80,"For additional historical federal funds rate data, please see  Daily Federal Funds Rate from 1928-1954 (https://fred.stlouisfed.org/categories/33951).  The federal funds market consists of domestic unsecured borrowings in U.S. dollars by depository institutions from other depository institutions and certain other entities, primarily government-sponsored enterprises.  The effective federal funds rate (EFFR) is calculated as a volume-weighted median of overnight federal funds transactions reported in the FR 2420 Report of Selected Money Market Rates.  For more information, visit the Federal Reserve Bank of New York (https://www.newyorkfed.org/markets/obfrinfo)."
UNRATE,2026-05-10,2026-05-10,Unemployment Rate,1948-01-01,2026-04-01,Monthly,M,Percent,%,Seasonally Adjusted,SA,2026-05-08 08:30:00-05,99,"The unemployment rate represents the number of unemployed as a percentage of the labor force. Labor force data are restricted to people 16 years of age and older, who currently reside in 1 of the 50 states or the District of Columbia, who do not reside in institutions (e.g., penal and mental facilities, homes for the aged), and who are not on active duty in the Armed Forces.  This rate is also defined as the U-3 measure of labor underutilization.  The series comes from the 'Current Population Survey (Household Survey)'  The source code is: LNS14000000"
PAYEMS,2026-05-08,2026-05-08,"All Employees, Total Nonfarm",1939-01-01,2026-04-01,Monthly,M,Thousands of Persons,Thous. of Persons,Seasonally Adjusted,SA,2026-05-08 08:30:33-05,86,"All Employees: Total Nonfarm, commonly known as Total Nonfarm Payroll, is a measure of the number of U.S. workers in the economy that excludes proprietors, private household employees, unpaid volunteers, farm employees, and the unincorporated self-employed. This measure accounts for approximately 80 percent of the workers who contribute to Gross Domestic Product (GDP).  This measure provides useful insights into the current economic situation because it can represent the number of jobs added or lost in an economy. Increases in employment might indicate that businesses are hiring which might also suggest that businesses are growing. Additionally, those who are newly employed have increased their personal incomes, which means (all else constant) their disposable incomes have also increased, thus fostering further economic expansion.  Generally, the U.S. labor force and levels of employment and unemployment are subject to fluctuations due to seasonal changes in weather, major holidays, and the opening and closing of schools. The Bureau of Labor Statistics (BLS) adjusts the data to offset the seasonal effects to show non-seasonal changes: for example, women's participation in the labor force; or a general decline in the number of employees, a possible indication of a downturn in the economy. To closely examine seasonal and non-seasonal changes, the BLS releases two monthly statistical measures: the seasonally adjusted All Employees: Total Nonfarm (PAYEMS) and All Employees: Total Nonfarm (PAYNSA), which is not seasonally adjusted.  The series comes from the 'Current Employment Statistics (Establishment Survey).'  The source code is: CES0000000001"
CPIAUCSL,2026-05-12,2026-05-12,Consumer Price Index for All Urban Consumers: All Items in U.S. City Average,1947-01-01,2026-04-01,Monthly,M,Index 1982-1984=100,Index 1982-1984=100,Seasonally Adjusted,SA,2026-05-12 08:03:57-05,98,"The Consumer Price Index for All Urban Consumers: All Items (CPIAUCSL) is a price index of a basket of goods and services paid by urban consumers. Percent changes in the price index measure the inflation rate between any two time periods. The most common inflation metric is the percent change from one year ago. It can also represent the buying habits of urban consumers. This particular index includes roughly 88 percent of the total population, accounting for wage earners, clerical workers, technical workers, self-employed, short-term workers, unemployed, retirees, and those not in the labor force.  The CPIs are based on prices for food, clothing, shelter, and fuels; transportation fares; service fees (e.g., water and sewer service); and sales taxes. Prices are collected monthly from about 4,000 housing units and approximately 26,000 retail establishments across 87 urban areas. To calculate the index, price changes are averaged with weights representing their importance in the spending of the particular group. The index measures price changes (as a percent change) from a predetermined reference date. In addition to the original unadjusted index distributed, the Bureau of Labor Statistics also releases a seasonally adjusted index. The unadjusted series reflects all factors that may influence a change in prices. However, it can be very useful to look at the seasonally adjusted CPI, which removes the effects of seasonal changes, such as weather, school year, production cycles, and holidays.  The CPI can be used to recognize periods of inflation and deflation. Significant increases in the CPI within a short time frame might indicate a period of inflation, and significant decreases in CPI within a short time frame might indicate a period of deflation. However, because the CPI includes volatile food and oil prices, it might not be a reliable measure of inflationary and deflationary periods. For a more accurate detection, the core CPI (CPILFESL (https://fred.stlouisfed.org/series/CPILFESL)) is often used. When using the CPI, please note that it is not applicable to all consumers and should not be used to determine relative living costs. Additionally, the CPI is a statistical measure vulnerable to sampling error since it is based on a sample of prices and not the complete average.  For more information on the CPI, see the Handbook of Methods (https://www.bls.gov/opub/hom/cpi/), the release notes and announcements (https://www.bls.gov/cpi/), and the Frequently Asked Questions (https://www.bls.gov/cpi/questions-and-answers.htm) (FAQs)."
GDPC1,2026-04-30,2026-04-30,Real Gross Domestic Product,1947-01-01,2026-01-01,Quarterly,Q,Billions of Chained 2017 Dollars,Bil. of Chn. 2017 $,Seasonally Adjusted Annual Rate,SAAR,2026-04-30 07:48:58-05,95,"BEA Account Code: A191RX  Real gross domestic product is the inflation adjusted value of the goods and services produced by labor and property located in the United States.For more information see the Guide to the National Income and Product Accounts of the United States (NIPA). For more information, please visit the Bureau of Economic Analysis (http://www.bea.gov/national/pdf/nipaguid.pdf)."
M2SL,2026-05-07,2026-05-07,M2,1959-01-01,2026-03-01,Monthly,M,Billions of Dollars,Bil. of $,Seasonally Adjusted,SA,2026-04-28 12:01:43-05,97,"announcements (https://www.federalreserve.gov/feeds/h6.html) and Technical Q&As (https://www.federalreserve.gov/releases/h6/h6_technical_qa.htm) posted on December 17, 2020.  For questions on the data, please contact the data source (https://www.federalreserve.gov/apps/ContactUs/feedback.aspx?refurl=/releases/h6/%). For questions on FRED functionality, please contact us here (https://fred.stlouisfed.org/contactus/).</p>"
PCEPI,2026-04-30,2026-04-30,Personal Consumption Expenditures: Chain-type Price Index,1959-01-01,2026-03-01,Monthly,M,Index 2017=100,Index 2017=100,Seasonally Adjusted,SA,2026-04-30 07:43:42-05,84,"BEA Account Code: DPCERG  The Personal Consumption Expenditures Price Index is a measure of the prices that people living in the United States, or those buying on their behalf, pay for goods and services. The change in the PCE price index is known for capturing inflation (or deflation) across a wide range of consumer expenses and reflecting changes in consumer behavior. For example, if the price of beef rises, shoppers may buy less beef and more chicken.   The PCE Price Index is produced by the Bureau of Economic Analysis (BEA), which revises previously published PCE data to reflect updated information or new methodology, providing consistency across decades of data that's valuable for researchers. They also offer the series as a Chain-Type index, as above. The PCE price index is used primarily for macroeconomic analysis and forecasting.  The PCE Price index is the Federal Reserve’s preferred measure of inflation. The PCE Price Index is similar to the Bureau of Labor Statistics' consumer price index for urban consumers. The two indexes, which have their own purposes and uses, are constructed differently, resulting in different inflation rates.   For more information on the PCE price index, see: U.S. Bureau of Economic Analysis, Guide to the National Income and Product Accounts of the United States (NIPA) (https://www.bea.gov/national/pdf/nipaguid.pdf)  U.S. Bureau of Economic Analysis, Personal Consumption Expenditures Price Index (https://www.bea.gov/data/personal-consumption-expenditures-price-index) U.S. Bureau of Economic Analysis, Prices & Inflation (https://www.bea.gov/resources/learning-center/what-to-know-prices-inflation) U.S. Bureau of Labor Statistics, Differences between the Consumer Price Index and the Personal Consumption Expenditure Price Index (https://www.bls.gov/opub/btn/archive/differences-between-the-consumer-price-index-and-the-personal-consumption-expenditures-price-index.pdf)"
PCECC96,2026-04-30,2026-04-30,Real Personal Consumption Expenditures,1947-01-01,2026-01-01,Quarterly,Q,Billions of Chained 2017 Dollars,Bil. of Chn. 2017 $,Seasonally Adjusted Annual Rate,SAAR,2026-04-30 07:48:30-05,64,BEA Account Code: DPCERX  A Guide to the National Income and Product Accounts of the United States (NIPA) - (http://www.bea.gov/national/pdf/nipaguid.pdf)
